{
  "wall_seconds": 5.283616999979131,
  "triggers": {
    "count": 100,
    "mean_ms": 0.9556783735752106,
    "p50_ms": 0.9832499781623483,
    "p95_ms": 1.8017500406131148,
    "p99_ms": 3.42700001783669,
    "max_ms": 3.42700001783669
  },
  "conversations": {
    "count": 100,
    "mean_ms": 0.9303903905674815,
    "p50_ms": 0.8065409492701292,
    "p95_ms": 1.6052089631557465,
    "p99_ms": 4.671333008445799,
    "max_ms": 4.671333008445799
  },
  "combined": {
    "count": 200,
    "mean_ms": 0.943034382071346,
    "p50_ms": 0.8354589808732271,
    "p95_ms": 1.7427499406039715,
    "p99_ms": 3.42700001783669,
    "max_ms": 4.671333008445799
  },
  "p99_under_100ms": true
}
