{
  "calls_observed": 100,
  "exceptions": [],
  "wall_seconds": 0.314383291057311,
  "first_5_calls": [
    [
      1,
      919416.540853291,
      "poll-0"
    ],
    [
      1,
      919416.540860958,
      "sched-0"
    ],
    [
      1,
      919416.547192,
      "poll-1"
    ],
    [
      1,
      919416.547196375,
      "sched-1"
    ],
    [
      1,
      919416.553517333,
      "poll-2"
    ]
  ],
  "last_5_calls": [
    [
      1,
      919416.836093333,
      "sched-47"
    ],
    [
      1,
      919416.842386333,
      "poll-48"
    ],
    [
      1,
      919416.842397458,
      "sched-48"
    ],
    [
      1,
      919416.848770208,
      "poll-49"
    ],
    [
      1,
      919416.848784333,
      "sched-49"
    ]
  ],
  "pass": true
}
